run,provider,kind,count,total
2026-09-04T16:27Z,musicbrainz-search,ok,12,20
2026-09-04T16:27Z,musicbrainz-search,http 503,4,20
2026-09-04T16:27Z,musicbrainz-search,transport timeout,4,20
2026-09-04T16:27Z,musicbrainz-artist,ok,16,20
2026-09-04T16:27Z,musicbrainz-artist,http 503,3,20
2026-09-04T16:27Z,musicbrainz-artist,transport timeout,1,20
2026-09-04T16:27Z,listenbrainz,ok,20,20
2026-09-04T16:27Z,wikidata,ok,20,20
2026-09-04T16:27Z,wikipedia,ok,20,20
2026-09-04T16:27Z,coverartarchive,ok,20,20
2026-09-04T16:27Z,deezer,ok,20,20
2026-09-04T16:27Z,itunes,ok,20,20
2026-09-04T16:27Z,lrclib,ok,20,20
2026-09-07T11:56Z,musicbrainz-search,ok,15,20
2026-09-07T11:56Z,musicbrainz-search,http 503,4,20
2026-09-07T11:56Z,musicbrainz-search,transport timeout,1,20
2026-09-07T11:56Z,musicbrainz-artist,ok,13,20
2026-09-07T11:56Z,musicbrainz-artist,http 503,6,20
2026-09-07T11:56Z,musicbrainz-artist,transport timeout,1,20
2026-09-07T11:56Z,listenbrainz,ok,20,20
2026-09-07T11:56Z,listenbrainz-labs,ok,20,20
2026-09-07T11:56Z,wikidata,ok,20,20
2026-09-07T11:56Z,wikipedia,ok,20,20
2026-09-07T11:56Z,coverartarchive,ok,20,20
2026-09-07T11:56Z,deezer,ok,20,20
2026-09-07T11:56Z,itunes,ok,20,20
2026-09-07T11:56Z,lrclib,ok,20,20
2026-09-14T12:11Z,musicbrainz-search,ok,11,20
2026-09-14T12:11Z,musicbrainz-search,http 503,9,20
2026-09-14T12:11Z,musicbrainz-artist,ok,11,20
2026-09-14T12:11Z,musicbrainz-artist,http 503,9,20
2026-09-14T12:11Z,listenbrainz,ok,20,20
2026-09-14T12:11Z,listenbrainz-labs,ok,20,20
2026-09-14T12:11Z,wikidata,ok,20,20
2026-09-14T12:11Z,wikipedia,ok,20,20
2026-09-14T12:11Z,coverartarchive,ok,20,20
2026-09-14T12:11Z,deezer,ok,20,20
2026-09-14T12:11Z,itunes,ok,20,20
2026-09-14T12:11Z,lrclib,ok,20,20
2026-09-21T12:20Z,musicbrainz-search,ok,19,20
2026-09-21T12:20Z,musicbrainz-search,http 503,1,20
2026-09-21T12:20Z,musicbrainz-artist,ok,20,20
2026-09-21T12:20Z,listenbrainz,ok,20,20
2026-09-21T12:20Z,listenbrainz-labs,ok,20,20
2026-09-21T12:20Z,wikidata,ok,20,20
2026-09-21T12:20Z,wikipedia,ok,20,20
2026-09-21T12:20Z,coverartarchive,ok,20,20
2026-09-21T12:20Z,deezer,ok,20,20
2026-09-21T12:20Z,itunes,ok,20,20
2026-09-21T12:20Z,lrclib,ok,20,20
2026-09-28T13:16Z,musicbrainz-search,ok,16,20
2026-09-28T13:16Z,musicbrainz-search,http 503,4,20
2026-09-28T13:16Z,musicbrainz-artist,ok,20,20
2026-09-28T13:16Z,listenbrainz,ok,20,20
2026-09-28T13:16Z,listenbrainz-labs,ok,20,20
2026-09-28T13:16Z,wikidata,ok,20,20
2026-09-28T13:16Z,wikipedia,ok,20,20
2026-09-28T13:16Z,coverartarchive,ok,20,20
2026-09-28T13:16Z,deezer,ok,20,20
2026-09-28T13:16Z,itunes,ok,20,20
2026-09-28T13:16Z,lrclib,ok,20,20
2026-10-05T13:59Z,musicbrainz-search,ok,18,20
2026-10-05T13:59Z,musicbrainz-search,http 503,2,20
2026-10-05T13:59Z,musicbrainz-artist,ok,18,20
2026-10-05T13:59Z,musicbrainz-artist,http 503,2,20
2026-10-05T13:59Z,listenbrainz,ok,20,20
2026-10-05T13:59Z,listenbrainz-labs,ok,20,20
2026-10-05T13:59Z,wikidata,ok,20,20
2026-10-05T13:59Z,wikipedia,ok,20,20
2026-10-05T13:59Z,coverartarchive,ok,20,20
2026-10-05T13:59Z,deezer,ok,20,20
2026-10-05T13:59Z,itunes,ok,20,20
2026-10-05T13:59Z,lrclib,ok,20,20
