arm	item	kind	provider	type	outcome	pickedArtist	pickedDetail	poolSize	pool	mbRequests	requests	ms	detail
live	A1	artist	deezer	ARTIST_PHOTO	MATCH	Tokyo Incidents	{"picture_xl":"https://cdn-images.dzcdn.net/images/artist/f05f2c765b9eeebc9a1bc40eff265415/1000x1000-000000-80-0-0.jpg","tracklist":"https://api.deezer.com/artist/384298/top?limit=50","link":"https://www.deezer.com/artist/384298","picture_s	5	東京事変|Tokyo Incidents|Tokyo Jihen|東京事變|东京事变	2	1	3756	conf=0.76
live	A1	artist	itunes	ARTIST_DISCOGRAPHY	MATCH	Tokyo Incidents	{"artistLinkUrl":"https://music.apple.com/us/artist/tokyo-incidents/74570585?uo=4","amgArtistId":879391,"wrapperType":"artist","artistType":"Artist","artistName":"Tokyo Incidents","artistId":74570585,"primaryGenreId":21,"primaryGenreName":"	5	東京事変|Tokyo Incidents|Tokyo Jihen|東京事變|东京事变	2	2	6555	conf=0.76
live	A1	artist	discogs	ARTIST_PHOTO	MATCH	Tokyo Jihen	{"master_id":null,"resource_url":"https://api.discogs.com/artists/2257146","thumb":"https://i.discogs.com/sCet390Y39uxvxjOrDgARM9q7yIAo9YQnJrDLggHDGI/rs:fit/g:sm/q:40/h:150/w:150/czM6Ly9kaXNjb2dz/LWRhdGFiYXNlLWlt/YWdlcy9BLTIyNTcx/NDYtMTc1Mz	5	東京事変|Tokyo Incidents|Tokyo Jihen|東京事變|东京事变	2	2	8707	conf=0.57
live	A2	artist	deezer	ARTIST_PHOTO	MATCH	IU	{"picture_xl":"https://cdn-images.dzcdn.net/images/artist/c619e4cef93d6fa98a38018d92106bb6/1000x1000-000000-80-0-0.jpg","tracklist":"https://api.deezer.com/artist/2810121/top?limit=50","link":"https://www.deezer.com/artist/2810121","picture	5	IU|Lee Ji-eun|아이유|이지은|IU	2	1	3568	conf=0.76
live	A2	artist	itunes	ARTIST_DISCOGRAPHY	MATCH	IU	{"artistLinkUrl":"https://music.apple.com/us/artist/iu/409076743?uo=4","amgArtistId":2428653,"wrapperType":"artist","artistType":"Artist","artistName":"IU","artistId":409076743,"primaryGenreId":51,"primaryGenreName":"K-Pop"}	5	IU|Lee Ji-eun|아이유|이지은|IU	2	2	5717	conf=0.76
live	A2	artist	discogs	ARTIST_PHOTO	REJECT	IU	{"master_id":null,"resource_url":"https://api.discogs.com/artists/2226306","thumb":"https://i.discogs.com/xrOseIunDcpOChtHKE5tqBU9npl8pZiAo3SijtCqm2c/rs:fit/g:sm/q:40/h:150/w:150/czM6Ly9kaXNjb2dz/LWRhdGFiYXNlLWlt/YWdlcy9BLTIyMjYz/MDYtMTU5Nz	5	IU|Lee Ji-eun|아이유|이지은|IU	2	2	3803	NotFound
live	A3	artist	deezer	ARTIST_PHOTO	MATCH	Кино	{"picture_xl":"https://cdn-images.dzcdn.net/images/artist/ec428d21f614b586a7b647f8da435913/1000x1000-000000-80-0-0.jpg","tracklist":"https://api.deezer.com/artist/4505880/top?limit=50","link":"https://www.deezer.com/artist/4505880","picture	7	Кино|Абсолютное кино|Kino|Кіно|Кино|Gruppa Kino|Êèíî	2	1	2557	conf=0.8
live	A3	artist	itunes	ARTIST_DISCOGRAPHY	MATCH	Кино	{"artistLinkUrl":"https://music.apple.com/us/artist/kino/621768190?uo=4","amgArtistId":13419,"wrapperType":"artist","artistType":"Artist","artistName":"Кино","artistId":621768190,"primaryGenreId":21,"primaryGenreName":"Rock"}	7	Кино|Абсолютное кино|Kino|Кіно|Кино|Gruppa Kino|Êèíî	2	2	5708	conf=0.8
live	A3	artist	discogs	ARTIST_PHOTO	MATCH	Кино	{"master_id":null,"resource_url":"https://api.discogs.com/artists/345278","thumb":"https://i.discogs.com/CKMPkYZAG7hkPj_YJKAi3t2uOXHRXW07T1KzJ9s0-sc/rs:fit/g:sm/q:40/h:150/w:150/czM6Ly9kaXNjb2dz/LWRhdGFiYXNlLWlt/YWdlcy9BLTM0NTI3/OC0xNzExMjU	7	Кино|Абсолютное кино|Kino|Кіно|Кино|Gruppa Kino|Êèíî	2	2	3714	conf=0.6
live	A4	artist	deezer	ARTIST_PHOTO	MATCH	Χάρις Αλεξίου	{"picture_xl":"https://cdn-images.dzcdn.net/images/artist//1000x1000-000000-80-0-0.jpg","tracklist":"https://api.deezer.com/artist/806735/top?limit=50","link":"https://www.deezer.com/artist/806735","picture_small":"https://cdn-images.dzcdn.	12	Χάρις Αλεξίου|Xaroula Aleksiou|Kharis Alexiou|Charoula Alexiou|Χαρούλα Αλεξίου|Xaris Alexiou|ΧΑΡΙΣ ΑΛΕΞΙΟΥ|×Üñéò Áëåîßïõ|Charis Alexiou|Több elõadó|Haris Alexiou|Χάρις Αλεξίου	2	1	11056	conf=0.8
live	A4	artist	itunes	ARTIST_DISCOGRAPHY	MATCH	Χάρις Αλεξίου	{"artistLinkUrl":"https://music.apple.com/us/artist/haris-alexiou/39701368?uo=4","amgArtistId":143787,"wrapperType":"artist","artistType":"Artist","artistName":"Χάρις Αλεξίου","artistId":39701368,"primaryGenreId":14,"primaryGenreName":"Pop"	12	Χάρις Αλεξίου|Xaroula Aleksiou|Kharis Alexiou|Charoula Alexiou|Χαρούλα Αλεξίου|Xaris Alexiou|ΧΑΡΙΣ ΑΛΕΞΙΟΥ|×Üñéò Áëåîßïõ|Charis Alexiou|Több elõadó|Haris Alexiou|Χάρις Αλεξίου	2	2	19023	conf=0.8
live	A4	artist	discogs	ARTIST_PHOTO	MATCH	Χάρις Αλεξίου	{"master_id":null,"resource_url":"https://api.discogs.com/artists/1446579","thumb":"https://i.discogs.com/1qjTw60TsfACCex5cYn0k7gW_H3GIf35IarNIRX61xs/rs:fit/g:sm/q:40/h:150/w:150/czM6Ly9kaXNjb2dz/LWRhdGFiYXNlLWlt/YWdlcy9BLTE0NDY1/NzktMTU1OD	12	Χάρις Αλεξίου|Xaroula Aleksiou|Kharis Alexiou|Charoula Alexiou|Χαρούλα Αλεξίου|Xaris Alexiou|ΧΑΡΙΣ ΑΛΕΞΙΟΥ|×Üñéò Áëåîßïõ|Charis Alexiou|Több elõadó|Haris Alexiou|Χάρις Αλεξίου	2	2	16613	conf=0.6
live	A5	artist	deezer	ARTIST_PHOTO	MATCH	Fairuz	{"picture_xl":"https://cdn-images.dzcdn.net/images/artist/f23a42b098b2ac91743f59f13928d1ee/1000x1000-000000-80-0-0.jpg","tracklist":"https://api.deezer.com/artist/211187/top?limit=50","link":"https://www.deezer.com/artist/211187","picture_s	6	فيروز|Feyruz|فيروز|Fayrouz|Fairouz|Fairuz	2	1	29388	conf=0.76
live	A5	artist	itunes	ARTIST_DISCOGRAPHY	MATCH	فيروز	{"artistLinkUrl":"https://music.apple.com/us/artist/%D9%81%D9%8A%D8%B1%D9%88%D8%B2/1755071250?uo=4","wrapperType":"artist","artistType":"Artist","artistName":"فيروز","artistId":1755071250,"primaryGenreId":1289,"primaryGenreName":"Folk"}	6	فيروز|Feyruz|فيروز|Fayrouz|Fairouz|Fairuz	2	2	33258	conf=0.8
live	A5	artist	discogs	ARTIST_PHOTO	REJECT			0		1	1	37758	NotFound
live	A6	artist	deezer	ARTIST_PHOTO	MATCH	Radiohead	{"picture_xl":"https://cdn-images.dzcdn.net/images/artist/96b688020014a21cb80a0268b90287f5/1000x1000-000000-80-0-0.jpg","tracklist":"https://api.deezer.com/artist/399/top?limit=50","link":"https://www.deezer.com/artist/399","picture_small":	6	Radiohead|r/head|电台司令|レディオヘッド|Radiohead & Thom Yorke|Radio Head	2	1	18091	conf=0.8
live	A6	artist	itunes	ARTIST_DISCOGRAPHY	MATCH	Radiohead	{"artistLinkUrl":"https://music.apple.com/us/artist/radiohead/657515?uo=4","amgArtistId":41092,"wrapperType":"artist","artistType":"Artist","artistName":"Radiohead","artistId":657515,"primaryGenreId":20,"primaryGenreName":"Alternative"}	6	Radiohead|r/head|电台司令|レディオヘッド|Radiohead & Thom Yorke|Radio Head	2	2	33980	conf=0.8
live	A6	artist	discogs	ARTIST_PHOTO	MATCH	Radiohead	{"master_id":null,"resource_url":"https://api.discogs.com/artists/3840","thumb":"https://i.discogs.com/0fBd_IuD_fCu9pjqKALt0Lg4fclIX9RjbBmkJ1urg9Y/rs:fit/g:sm/q:40/h:150/w:150/czM6Ly9kaXNjb2dz/LWRhdGFiYXNlLWlt/YWdlcy9BLTM4NDAt/MTM4NjM1MjI4N	6	Radiohead|r/head|电台司令|レディオヘッド|Radiohead & Thom Yorke|Radio Head	2	2	16588	conf=0.6
live	B1	album	deezer	ALBUM_ART	REJECT			5	東京事変|Tokyo Incidents|Tokyo Jihen|东京事变|東京事變	4	1	61812	NotFound
live	B1	album	itunes	ALBUM_ART	REJECT			5	東京事変|Tokyo Incidents|Tokyo Jihen|东京事变|東京事變	4	1	6899	NotFound
live	B1	album	discogs	ALBUM_ART	REJECT			5	東京事変|Tokyo Incidents|Tokyo Jihen|东京事变|東京事變	4	1	5830	NotFound
live	B2	album	deezer	ALBUM_ART	REJECT			0		2	1	16493	NotFound
live	B2	album	itunes	ALBUM_ART	REJECT			0		2	1	2689	NotFound
live	B2	album	discogs	ALBUM_ART	REJECT			0		2	1	16254	NotFound
live	B3	album	deezer	ALBUM_ART	MATCH	Кино	DeezerAlbumResult(id=54717452, title=Группа крови, artistName=Кино, coverSmall=https://cdn-images.dzcdn.net/images/cover/b39e82e1e4fdaf3f08ae582e8c9565cd/56x56-000000-80-0-0.jpg, coverMedium=https://cdn-images.dzcdn.net/images/cover/b39e82e	7	Кино|Gruppa Kino|Kino|Êèíî|Абсолютное кино|Кино|Кіно	3	1	17824	conf=0.8
live	B3	album	itunes	ALBUM_ART	MATCH	Kino	ITunesAlbumResult(collectionId=1333010977, collectionName=Группа крови, artistName=Kino, artworkUrl=https://is1-ssl.mzstatic.com/image/thumb/Music125/v4/a2/f7/13/a2f713de-4af3-9e21-da3f-c73d747cd847/cover.jpg/100x100bb.jpg, releaseDate=1988	7	Кино|Gruppa Kino|Kino|Êèíî|Абсолютное кино|Кино|Кіно	4	1	33118	conf=0.76
live	B3	album	discogs	ALBUM_ART	MATCH	Кино	DiscogsRelease(title=Кино - Группа Крови, label=Maschina Records, year=2019, country=Russia, coverImage=https://i.discogs.com/8oCUpaCydS3GJLJ-fNqk0xJJKdvABTheGJ9TVdGgYCU/rs:fit/g:sm/q:90/h:600/w:600/czM6Ly9kaXNjb2dz/LWRhdGFiYXNlLWlt/YWdlcy9	7	Кино|Gruppa Kino|Kino|Êèíî|Абсолютное кино|Кино|Кіно	3	1	4671	conf=0.8
live	B4	album	deezer	ALBUM_ART	REJECT			12	Χάρις Αλεξίου|Charis Alexiou|Charoula Alexiou|Haris Alexiou|Kharis Alexiou|Több elõadó|Xaris Alexiou|Xaroula Aleksiou|×Üñéò Áëåîßïõ|ΧΑΡΙΣ ΑΛΕΞΙΟΥ|Χάρις Αλεξίου|Χαρούλα Αλεξίου	4	1	6351	NotFound
live	B4	album	itunes	ALBUM_ART	REJECT			12	Χάρις Αλεξίου|Charis Alexiou|Charoula Alexiou|Haris Alexiou|Kharis Alexiou|Több elõadó|Xaris Alexiou|Xaroula Aleksiou|×Üñéò Áëåîßïõ|ΧΑΡΙΣ ΑΛΕΞΙΟΥ|Χάρις Αλεξίου|Χαρούλα Αλεξίου	4	1	37274	NotFound
live	B4	album	discogs	ALBUM_ART	REJECT			12	Χάρις Αλεξίου|Charis Alexiou|Charoula Alexiou|Haris Alexiou|Kharis Alexiou|Több elõadó|Xaris Alexiou|Xaroula Aleksiou|×Üñéò Áëåîßïõ|ΧΑΡΙΣ ΑΛΕΞΙΟΥ|Χάρις Αλεξίου|Χαρούλα Αλεξίου	4	1	8292	NotFound
live	B5	album	deezer	ALBUM_ART	REJECT			6	فيروز|Fairouz|Fairuz|Fayrouz|Feyruz|فيروز	4	1	13924	NotFound
live	B5	album	itunes	ALBUM_ART	REJECT			6	فيروز|Fairouz|Fairuz|Fayrouz|Feyruz|فيروز	4	1	7798	NotFound
live	B5	album	discogs	ALBUM_ART	REJECT			6	فيروز|Fairouz|Fairuz|Fayrouz|Feyruz|فيروز	4	1	6025	NotFound
live	C1	track	deezer	TRACK_METADATA	REJECT			0		1	2	8602	NotFound
live	C2	track	deezer	TRACK_METADATA	REJECT			0		3	2	11378	NotFound
live	C3	track	deezer	TRACK_METADATA	MATCH	Кино	DeezerTrackSearchResult(id=448260732, title=Группа крови, artistName=Кино, previewUrl=https://cdnt-preview.dzcdn.net/api/1/1/a/d/e/0/adeeb096e9baeb6c8e4760b8572acffa.mp3?hdnea=exp=1788550712~acl=/api/1/1/a/d/e/0/adeeb096e9baeb6c8e4760b8572a	0		1	1	7625	conf=0.8
live	C4	track	deezer	TRACK_METADATA	REJECT			0		1	2	2090	NotFound
live	C5	track	deezer	TRACK_METADATA	REJECT			0		1	2	1536	NotFound
TOTALS	149	api.deezer.com=20,api.discogs.com=16,itunes.apple.com=17,musicbrainz.org=96
