arm	item	kind	provider	type	outcome	pickedArtist	pickedDetail	identityMbid	identityCorrect	latinName	requests	ms	detail
b	A1	artist	deezer	ARTIST_PHOTO	MATCH	Tokyo Incidents	{"picture_xl":"https://cdn-images.dzcdn.net/images/artist/f05f2c765b9eeebc9a1bc40eff265415/1000x1000-000000-80-0-0.jpg","tracklist":"https://api.deezer.com/artist/384298/top?limit=50","link":"https://www.deezer.com/artist/384298","picture_s	b3d0f168-cb34-47c6-8529-fc05d1fce3ee	true	Tokyo Incidents	1	369	conf=0.8 tiers=[(Tokyo Incidents, PRIMARY_ALIAS)]
b	A1	artist	itunes	ARTIST_DISCOGRAPHY	MATCH	Tokyo Incidents	{"artistLinkUrl":"https://music.apple.com/us/artist/tokyo-incidents/74570585?uo=4","amgArtistId":879391,"wrapperType":"artist","artistType":"Artist","artistName":"Tokyo Incidents","artistId":74570585,"primaryGenreId":21,"primaryGenreName":"	b3d0f168-cb34-47c6-8529-fc05d1fce3ee	true	Tokyo Incidents	2	3073	conf=0.8 tiers=[(Tokyo Incidents, PRIMARY_ALIAS)]
b	A1	artist	discogs	ARTIST_PHOTO	MATCH	Tokyo Jihen	{"master_id":null,"resource_url":"https://api.discogs.com/artists/2257146","thumb":"https://i.discogs.com/sCet390Y39uxvxjOrDgARM9q7yIAo9YQnJrDLggHDGI/rs:fit/g:sm/q:40/h:150/w:150/czM6Ly9kaXNjb2dz/LWRhdGFiYXNlLWlt/YWdlcy9BLTIyNTcx/NDYtMTc1Mz	b3d0f168-cb34-47c6-8529-fc05d1fce3ee	true	Tokyo Incidents	2	2177	conf=0.6 tiers=[(Tokyo Jihen, PRIMARY_ALIAS)]
b	A2	artist	deezer	ARTIST_PHOTO	MATCH	IU	{"picture_xl":"https://cdn-images.dzcdn.net/images/artist/c619e4cef93d6fa98a38018d92106bb6/1000x1000-000000-80-0-0.jpg","tracklist":"https://api.deezer.com/artist/2810121/top?limit=50","link":"https://www.deezer.com/artist/2810121","picture	b9545342-1e6d-4dae-84ac-013374ad8d7c	true	IU	1	411	conf=0.8 tiers=[(IU, PRIMARY_ALIAS)]
b	A2	artist	itunes	ARTIST_DISCOGRAPHY	MATCH	IU	{"artistLinkUrl":"https://music.apple.com/us/artist/iu/409076743?uo=4","amgArtistId":2428653,"wrapperType":"artist","artistType":"Artist","artistName":"IU","artistId":409076743,"primaryGenreId":51,"primaryGenreName":"K-Pop"}	b9545342-1e6d-4dae-84ac-013374ad8d7c	true	IU	2	3030	conf=0.8 tiers=[(IU, PRIMARY_ALIAS), (I.U., PRIMARY_ALIAS)]
b	A2	artist	discogs	ARTIST_PHOTO	REJECT	IU	{"master_id":null,"resource_url":"https://api.discogs.com/artists/2226306","thumb":"https://i.discogs.com/xrOseIunDcpOChtHKE5tqBU9npl8pZiAo3SijtCqm2c/rs:fit/g:sm/q:40/h:150/w:150/czM6Ly9kaXNjb2dz/LWRhdGFiYXNlLWlt/YWdlcy9BLTIyMjYz/MDYtMTU5Nz	b9545342-1e6d-4dae-84ac-013374ad8d7c	true	IU	2	1689	NotFound tiers=[(IU, PRIMARY_ALIAS)]
b	A3	artist	deezer	ARTIST_PHOTO	MATCH	Кино	{"picture_xl":"https://cdn-images.dzcdn.net/images/artist/ec428d21f614b586a7b647f8da435913/1000x1000-000000-80-0-0.jpg","tracklist":"https://api.deezer.com/artist/4505880/top?limit=50","link":"https://www.deezer.com/artist/4505880","picture	064db6e8-fdfb-4acb-a327-fc2de75b37de	true	Kino	1	480	conf=0.8 tiers=[]
b	A3	artist	itunes	ARTIST_DISCOGRAPHY	MATCH	Кино	{"artistLinkUrl":"https://music.apple.com/us/artist/kino/621768190?uo=4","amgArtistId":13419,"wrapperType":"artist","artistType":"Artist","artistName":"Кино","artistId":621768190,"primaryGenreId":21,"primaryGenreName":"Rock"}	064db6e8-fdfb-4acb-a327-fc2de75b37de	true	Kino	2	3040	conf=0.8 tiers=[]
b	A3	artist	discogs	ARTIST_PHOTO	MATCH	Кино	{"master_id":null,"resource_url":"https://api.discogs.com/artists/345278","thumb":"https://i.discogs.com/CKMPkYZAG7hkPj_YJKAi3t2uOXHRXW07T1KzJ9s0-sc/rs:fit/g:sm/q:40/h:150/w:150/czM6Ly9kaXNjb2dz/LWRhdGFiYXNlLWlt/YWdlcy9BLTM0NTI3/OC0xNzExMjU	064db6e8-fdfb-4acb-a327-fc2de75b37de	true	Kino	2	1778	conf=0.6 tiers=[]
b	A4	artist	deezer	ARTIST_PHOTO	MATCH	Haris Alexiou	{"picture_xl":"https://cdn-images.dzcdn.net/images/artist/2fb8199e0d8bd0e72b76010653d70733/1000x1000-000000-80-0-0.jpg","tracklist":"https://api.deezer.com/artist/80597/top?limit=50","link":"https://www.deezer.com/artist/80597","picture_sma	2dc67a2d-5914-4064-bf7b-8c8ea77bfab6	true	Haris Alexiou	1	375	conf=0.8 tiers=[(Haris Alexiou, PRIMARY_ALIAS)]
b	A4	artist	itunes	ARTIST_DISCOGRAPHY	MATCH	Χάρις Αλεξίου	{"artistLinkUrl":"https://music.apple.com/us/artist/haris-alexiou/39701368?uo=4","amgArtistId":143787,"wrapperType":"artist","artistType":"Artist","artistName":"Χάρις Αλεξίου","artistId":39701368,"primaryGenreId":14,"primaryGenreName":"Pop"	2dc67a2d-5914-4064-bf7b-8c8ea77bfab6	true	Haris Alexiou	2	3530	conf=0.8 tiers=[(Χαρις Αλεξιου, ALIAS)]
b	A4	artist	discogs	ARTIST_PHOTO	MATCH	Χάρις Αλεξίου	{"master_id":null,"resource_url":"https://api.discogs.com/artists/1446579","thumb":"https://i.discogs.com/1qjTw60TsfACCex5cYn0k7gW_H3GIf35IarNIRX61xs/rs:fit/g:sm/q:40/h:150/w:150/czM6Ly9kaXNjb2dz/LWRhdGFiYXNlLWlt/YWdlcy9BLTE0NDY1/NzktMTU1OD	2dc67a2d-5914-4064-bf7b-8c8ea77bfab6	true	Haris Alexiou	2	1790	conf=0.6 tiers=[]
b	A5	artist	deezer	ARTIST_PHOTO	MATCH	Fairuz	{"picture_xl":"https://cdn-images.dzcdn.net/images/artist/f23a42b098b2ac91743f59f13928d1ee/1000x1000-000000-80-0-0.jpg","tracklist":"https://api.deezer.com/artist/211187/top?limit=50","link":"https://www.deezer.com/artist/211187","picture_s	338bbb53-5b96-447a-9444-8906844a0790	true	Feyruz	1	519	conf=0.8 tiers=[(Fairuz, PRIMARY_ALIAS)]
b	A5	artist	itunes	ARTIST_DISCOGRAPHY	MATCH	Fairouz	{"artistLinkUrl":"https://music.apple.com/us/artist/fairouz/14602059?uo=4","amgArtistId":29675,"wrapperType":"artist","artistType":"Artist","artistName":"Fairouz","artistId":14602059,"primaryGenreId":1197,"primaryGenreName":"Arabic"}	338bbb53-5b96-447a-9444-8906844a0790	true	Feyruz	2	3050	conf=0.8 tiers=[(Fairouz, ALIAS)]
b	A5	artist	discogs	ARTIST_PHOTO	REJECT	Fairuz = فيروز	{"master_id":null,"resource_url":"https://api.discogs.com/artists/15113216","thumb":"","master_url":null,"id":15113216,"user_data":{"in_wantlist":false,"in_collection":false},"cover_image":"https://st.discogs.com/d6e5bb5d8a8066d626c4499d20f	338bbb53-5b96-447a-9444-8906844a0790	true	Feyruz	2	1858	NotFound tiers=[(Fairuz = فيروز, PRIMARY_ALIAS)]
b	B1	album	deezer	ALBUM_ART	REJECT			b3d0f168-cb34-47c6-8529-fc05d1fce3ee	true	Tokyo Incidents	1	347	NotFound tiers=[]
b	B1	album	itunes	ALBUM_ART	REJECT			b3d0f168-cb34-47c6-8529-fc05d1fce3ee	true	Tokyo Incidents	1	33	NotFound tiers=[]
b	B1	album	discogs	ALBUM_ART	REJECT			b3d0f168-cb34-47c6-8529-fc05d1fce3ee	true	Tokyo Incidents	1	386	NotFound tiers=[]
b	B2	album	deezer	ALBUM_ART	MATCH	IU	DeezerAlbumResult(id=124353012, title=Palette, artistName=IU, coverSmall=https://cdn-images.dzcdn.net/images/cover/f40521ff6715ab409833a1512539c691/56x56-000000-80-0-0.jpg, coverMedium=https://cdn-images.dzcdn.net/images/cover/f40521ff6715a	b9545342-1e6d-4dae-84ac-013374ad8d7c	true	IU	1	323	conf=0.8 tiers=[(IU, PRIMARY_ALIAS)]
b	B2	album	itunes	ALBUM_ART	MATCH	IU	ITunesAlbumResult(collectionId=1229073300, collectionName=Palette, artistName=IU, artworkUrl=https://is1-ssl.mzstatic.com/image/thumb/Music123/v4/94/ec/24/94ec2442-5add-d1ca-5eba-37f1298abfbc/cover_KM0005225_1.jpg/100x100bb.jpg, releaseDate	b9545342-1e6d-4dae-84ac-013374ad8d7c	true	IU	1	1611	conf=0.8 tiers=[(IU, PRIMARY_ALIAS)]
b	B2	album	discogs	ALBUM_ART	REJECT			b9545342-1e6d-4dae-84ac-013374ad8d7c	true	IU	1	339	NotFound tiers=[]
b	B3	album	deezer	ALBUM_ART	MATCH	Кино	DeezerAlbumResult(id=54717452, title=Группа крови, artistName=Кино, coverSmall=https://cdn-images.dzcdn.net/images/cover/b39e82e1e4fdaf3f08ae582e8c9565cd/56x56-000000-80-0-0.jpg, coverMedium=https://cdn-images.dzcdn.net/images/cover/b39e82e	064db6e8-fdfb-4acb-a327-fc2de75b37de	true	Kino	1	347	conf=0.8 tiers=[]
b	B3	album	itunes	ALBUM_ART	MATCH	Kino	ITunesAlbumResult(collectionId=1333010977, collectionName=Группа крови, artistName=Kino, artworkUrl=https://is1-ssl.mzstatic.com/image/thumb/Music125/v4/a2/f7/13/a2f713de-4af3-9e21-da3f-c73d747cd847/cover.jpg/100x100bb.jpg, releaseDate=1988	064db6e8-fdfb-4acb-a327-fc2de75b37de	true	Kino	1	1906	conf=0.8 tiers=[(Kino, PRIMARY_ALIAS)]
b	B3	album	discogs	ALBUM_ART	MATCH	Кино	DiscogsRelease(title=Кино - Группа Крови, label=Maschina Records, year=2019, country=Russia, coverImage=https://i.discogs.com/8oCUpaCydS3GJLJ-fNqk0xJJKdvABTheGJ9TVdGgYCU/rs:fit/g:sm/q:90/h:600/w:600/czM6Ly9kaXNjb2dz/LWRhdGFiYXNlLWlt/YWdlcy9	064db6e8-fdfb-4acb-a327-fc2de75b37de	true	Kino	1	307	conf=0.8 tiers=[]
b	B4	album	deezer	ALBUM_ART	REJECT			2dc67a2d-5914-4064-bf7b-8c8ea77bfab6	true	Haris Alexiou	1	409	NotFound tiers=[]
b	B4	album	itunes	ALBUM_ART	REJECT			2dc67a2d-5914-4064-bf7b-8c8ea77bfab6	true	Haris Alexiou	1	558	NotFound tiers=[]
b	B4	album	discogs	ALBUM_ART	REJECT			2dc67a2d-5914-4064-bf7b-8c8ea77bfab6	true	Haris Alexiou	1	365	NotFound tiers=[]
b	B5	album	deezer	ALBUM_ART	REJECT			338bbb53-5b96-447a-9444-8906844a0790	true	Feyruz	1	410	NotFound tiers=[]
b	B5	album	itunes	ALBUM_ART	REJECT			338bbb53-5b96-447a-9444-8906844a0790	true	Feyruz	1	1828	NotFound tiers=[]
b	B5	album	discogs	ALBUM_ART	REJECT			338bbb53-5b96-447a-9444-8906844a0790	true	Feyruz	1	234	NotFound tiers=[]
b	C1	track	deezer	TRACK_METADATA	REJECT			b3d0f168-cb34-47c6-8529-fc05d1fce3ee	true	Tokyo Incidents	2	1024	NotFound tiers=[]
b	C2	track	deezer	TRACK_METADATA	REJECT			b9545342-1e6d-4dae-84ac-013374ad8d7c	true	IU	2	939	NotFound tiers=[]
b	C3	track	deezer	TRACK_METADATA	MATCH	Кино	DeezerTrackSearchResult(id=448260732, title=Группа крови, artistName=Кино, previewUrl=https://cdnt-preview.dzcdn.net/api/1/1/a/d/e/0/adeeb096e9baeb6c8e4760b8572acffa.mp3?hdnea=exp=1788547057~acl=/api/1/1/a/d/e/0/adeeb096e9baeb6c8e4760b8572a	064db6e8-fdfb-4acb-a327-fc2de75b37de	true	Kino	1	415	conf=0.8 tiers=[]
b	C4	track	deezer	TRACK_METADATA	REJECT			2dc67a2d-5914-4064-bf7b-8c8ea77bfab6	true	Haris Alexiou	2	1024	NotFound tiers=[]
b	C5	track	deezer	TRACK_METADATA	REJECT			338bbb53-5b96-447a-9444-8906844a0790	true	Feyruz	2	923	NotFound tiers=[]
TOTALS	64	api.deezer.com=19,api.discogs.com=15,itunes.apple.com=15,musicbrainz.org=15
